{
  "DELETE" : {
    "transaction" : "DELETE",
    "sampleCount" : 25511,
    "errorCount" : 0,
    "errorPct" : 0.0,
    "meanResTime" : 65.86797851907028,
    "medianResTime" : 49.0,
    "minResTime" : 42.0,
    "maxResTime" : 62998.0,
    "pct1ResTime" : 63.0,
    "pct2ResTime" : 69.0,
    "pct3ResTime" : 354.0,
    "throughput" : 42.61741883211801,
    "receivedKBytesPerSec" : 64.09080800360839,
    "sentKBytesPerSec" : 5.535270219405952
  },
  "POST" : {
    "transaction" : "POST",
    "sampleCount" : 25610,
    "errorCount" : 1,
    "errorPct" : 0.0039047247,
    "meanResTime" : 293.72596641936786,
    "medianResTime" : 280.0,
    "minResTime" : 251.0,
    "maxResTime" : 15886.0,
    "pct1ResTime" : 296.0,
    "pct2ResTime" : 304.0,
    "pct3ResTime" : 560.0,
    "throughput" : 42.68817132608362,
    "receivedKBytesPerSec" : 56.152721396966655,
    "sentKBytesPerSec" : 10.629940078104685
  },
  "Total" : {
    "transaction" : "Total",
    "sampleCount" : 127863,
    "errorCount" : 2,
    "errorPct" : 0.0015641742,
    "meanResTime" : 208.48968036101368,
    "medianResTime" : 272.0,
    "minResTime" : 42.0,
    "maxResTime" : 62998.0,
    "pct1ResTime" : 292.0,
    "pct2ResTime" : 298.0,
    "pct3ResTime" : 521.9900000000016,
    "throughput" : 213.06700305112255,
    "receivedKBytesPerSec" : 297.31949918150013,
    "sentKBytesPerSec" : 42.90663217142943
  },
  "GET" : {
    "transaction" : "GET",
    "sampleCount" : 25621,
    "errorCount" : 1,
    "errorPct" : 0.0039030483,
    "meanResTime" : 95.2593575582531,
    "medianResTime" : 85.0,
    "minResTime" : 43.0,
    "maxResTime" : 17514.0,
    "pct1ResTime" : 117.0,
    "pct2ResTime" : 124.0,
    "pct3ResTime" : 689.9900000000016,
    "throughput" : 42.71298560785275,
    "receivedKBytesPerSec" : 64.23647904715583,
    "sentKBytesPerSec" : 5.547466172285656
  },
  "UPDATE" : {
    "transaction" : "UPDATE",
    "sampleCount" : 25579,
    "errorCount" : 0,
    "errorPct" : 0.0,
    "meanResTime" : 295.18022596661297,
    "medianResTime" : 282.0,
    "minResTime" : 264.0,
    "maxResTime" : 15709.0,
    "pct1ResTime" : 298.0,
    "pct2ResTime" : 307.0,
    "pct3ResTime" : 560.0,
    "throughput" : 42.67249001544811,
    "receivedKBytesPerSec" : 50.75576337821516,
    "sentKBytesPerSec" : 10.584777796800605
  },
  "PATCH" : {
    "transaction" : "PATCH",
    "sampleCount" : 25542,
    "errorCount" : 0,
    "errorPct" : 0.0,
    "meanResTime" : 292.2394879022802,
    "medianResTime" : 280.0,
    "minResTime" : 253.0,
    "maxResTime" : 8448.0,
    "pct1ResTime" : 297.0,
    "pct2ResTime" : 309.0,
    "pct3ResTime" : 586.9900000000016,
    "throughput" : 42.64932774961428,
    "receivedKBytesPerSec" : 62.47390491366024,
    "sentKBytesPerSec" : 10.66233193740357
  }
}